ID,Model,ModelParameters,TransformationParameters,Ensemble,Runs,smape,mae,rmse,made,mage,mle,imle,spl,containment,contour,maxe,oda,mqae,smape_weighted,mae_weighted,rmse_weighted,made_weighted,mage_weighted,mle_weighted,imle_weighted,spl_weighted,maxe_weighted,oda_weighted,mqae_weighted,containment_weighted,contour_weighted,TotalRuntimeSeconds,Score,index
de2b16196d3f22abe66e22852bc9b6cc,AverageValueNaive,"{""method"": ""Mean"", ""window"": null}","{""fillna"": ""ffill"", ""transformations"": {""0"": ""AlignLastValue"", ""1"": ""DifferencedTransformer"", ""2"": ""DifferencedTransformer""}, ""transformation_params"": {""0"": {""rows"": 1, ""lag"": 1, ""method"": ""additive"", ""strength"": 1.0}, ""1"": {}, ""2"": {}}}",0,4,2.4196337749543213,7.689337199765677,9.268632535159895,1.5875129520045206,7.689337199765677,5.965015328898324,3.4586257522333237,3.8610226479579928,0.8541666666666666,0.7708333333333333,35.37893126062136,0.7916666666666666,6.000186221689187,2.4196337749543213,7.689337199765677,9.268632535159895,1.5875129520045206,7.689337199765677,5.965015328898324,3.4586257522333237,3.8610226479579928,35.37893126062136,0.7916666666666666,6.000186221689187,0.8541666666666666,0.7708333333333333,0.011775,109.78235499082919,
de2b16196d3f22abe66e22852bc9b6cc,AverageValueNaive,"{""method"": ""Mean"", ""window"": null}","{""fillna"": ""ffill"", ""transformations"": {""0"": ""AlignLastValue"", ""1"": ""DifferencedTransformer"", ""2"": ""DifferencedTransformer""}, ""transformation_params"": {""0"": {""rows"": 1, ""lag"": 1, ""method"": ""additive"", ""strength"": 1.0}, ""1"": {}, ""2"": {}}}",0,4,2.4196337749543213,7.689337199765677,9.268632535159895,1.5875129520045206,7.689337199765677,5.965015328898324,3.4586257522333237,3.8610226479579928,0.8541666666666666,0.7708333333333333,35.37893126062136,0.7916666666666666,6.000186221689187,2.4196337749543213,7.689337199765677,9.268632535159895,1.5875129520045206,7.689337199765677,5.965015328898324,3.4586257522333237,3.8610226479579928,35.37893126062136,0.7916666666666666,6.000186221689187,0.8541666666666666,0.7708333333333333,0.011775,109.78235499082919,236.0
